run_id,scenario,frontend,backend,mode,repetition,target_hz,status,samples,submitted_hz,update_p50_ms,update_p95_ms,update_p99_ms,receive_age_p95_ms,gap_percent,cpu_mean_percent,rss_peak_mib,source_hz,source_generation_p95_ms,source_mailbox_drops,source_deadline_misses,delivery_ack_hz,duplicate_samples,measurement_seconds,warmup_seconds,error,path,update_samples,update_coverage_percent,conversion_samples,conversion_coverage_percent,conversion_p50_ms,conversion_p95_ms,conversion_p99_ms,draw_samples,draw_coverage_percent,draw_p50_ms,draw_p95_ms,draw_p99_ms,update_complete_samples,update_complete_coverage_percent,update_complete_p50_ms,update_complete_p95_ms,update_complete_p99_ms,image_upload_wait_samples,image_upload_wait_coverage_percent,image_upload_wait_p50_ms,image_upload_wait_p95_ms,image_upload_wait_p99_ms,sustained_candidate,source_limited,extension
run-0001,waveform,matplotlib,rust,stream,1,60,ok,1774,59.13333333333333,7.017902499910633,8.802030399920113,13.146238589988569,0.8624511718749996,0.0,59.67130434782609,197.05859375,59.13333333333333,0.46975234999999993,0,0,59.99977296247078,0,30.0,5.0,,run-0001,1774,100.0,1774,100.0,0.0,0.0,0.0,0,0.0,,,,0,0.0,,,,0,0.0,,,,True,False,
run-0002,multi-plot,pyqtgraph-gl,rust,stream,2,60,ok,897,29.9,1.9783579996328624,3.0658857999696907,4.868975440094799,2.50947265625,50.166666666666664,51.272173913043474,249.703125,60.0,4.1994172,0,0,59.99971484944788,0,30.0,5.0,,run-0002,897,100.0,897,100.0,0.0,0.0,0.0,0,0.0,,,,0,0.0,,,,0,0.0,,,,False,False,
run-0003,waveform,qtgraphs,rust,stream,2,60,ok,1631,54.36666666666667,0.21774299966637045,0.463915000182169,0.7360537998465589,1.258544921875,9.33852140077821,116.05431034482757,322.01953125,60.0,0.4977255,0,0,59.999768589778704,0,30.0,5.0,,run-0003,1631,100.0,1631,100.0,0.000740999894333072,0.002043999984380207,0.004402200147524129,0,0.0,,,,0,0.0,,,,0,0.0,,,,False,False,
run-0004,large-image,qtgraphs-cpp,rust,stream,3,60,ok,890,29.666666666666668,17.794305,25.537170849999995,35.20066269,62.56578369140625,50.056116722783386,164.07787610619468,280.95703125,36.2,29.004942,193,697,30.020039072963687,0,30.0,5.0,,run-0004,890,100.0,890,100.0,11.9434915,17.6721769,19.69043363,0,0.0,,,,0,0.0,,,,0,0.0,,,,False,True,
run-0005,scalar-image,pyqtgraph,rust,stream,2,60,ok,1771,59.03333333333333,0.8137410000017553,1.7633325001042977,2.2256889999880514,3.584716796875,0.0,55.04210526315789,179.23828125,59.03333333333333,2.629269,0,0,59.99785395652807,0,30.0,5.0,,run-0005,1771,100.0,1771,100.0,0.6916460001775704,1.5421235000303568,1.9667516002755279,0,0.0,,,,0,0.0,,,,0,0.0,,,,True,False,
run-0006,multi-curve,pyqtgraph,rust,stream,2,60,ok,1800,60.0,1.1392509998131573,1.9326230502201722,2.4210849201836027,1.9704101562499992,0.0,84.42241379310343,179.9375,60.0,3.02988445,0,0,59.99909537694873,0,30.0,5.0,,run-0006,1800,100.0,1800,100.0,0.0,0.0,0.0,0,0.0,,,,0,0.0,,,,0,0.0,,,,True,False,
run-0007,large-image,jfreechart,rust,stream,2,60,ok,662,22.066666666666666,34.6476765,43.716222349999995,47.20594918,119.88992919921874,63.22222222222222,216.06725663716813,988.1328125,33.36666666666667,27.276811000000002,338,799,22.079336590665836,0,30.0,5.0,,run-0007,662,100.0,662,100.0,29.721943500000002,36.762142049999994,39.5104699,662,100.0,4.903323,7.704796299999999,9.397672659999998,0,0.0,,,,0,0.0,,,,False,True,
run-0008,large-image,iced,rust,stream,3,60,ok,592,19.733333333333334,30.058028999999998,37.06582274999999,38.95445587000002,25.950402832031248,67.01949860724234,165.09734513274336,245.1796875,34.2,28.44719,5,772,34.04468808601499,0,30.0,5.0,,run-0008,592,100.0,592,100.0,30.046771,37.05982449999999,38.94826558000001,0,0.0,,,,592,100.0,50.3285865,58.149833199999996,61.70757079000001,592,100.0,19.609268999999998,24.750742799999998,26.833074720000013,False,True,
run-0009,multi-plot,pyqtgraph-gl,rust,stream,3,60,ok,896,29.866666666666667,1.9154850001541488,3.685783000150878,4.776801099956167,2.61419677734375,50.139120756816915,48.753043478260864,248.8515625,60.0,4.02235495,0,0,59.99665180971346,0,30.0,5.0,,run-0009,896,100.0,896,100.0,0.0,0.0,0.0,0,0.0,,,,0,0.0,,,,0,0.0,,,,False,False,
run-0010,waveform,qtgraphs-cpp,rust,stream,2,60,ok,1754,58.46666666666667,0.090761,0.17593169999999989,0.30333028000000023,0.6033569335937495,1.7366946778711485,116.35478260869564,271.47265625,59.53333333333333,0.41896,0,0,59.99983899071568,0,30.0,5.0,,run-0010,1754,100.0,1754,100.0,0.0,0.0,0.0,0,0.0,,,,0,0.0,,,,0,0.0,,,,False,False,
run-0011,multi-image,fyne,rust,stream,3,60,ok,1791,59.7,3.754106,6.420933,7.691838099999992,16.439697265625,0.555247084952804,124.36434782608696,216.04296875,60.0,5.6855927999999984,0,0,60.00317543468872,0,30.0,5.0,,run-0011,1791,100.0,1791,100.0,3.533469,6.1059730000000005,7.2727570999999935,0,0.0,,,,0,0.0,,,,0,0.0,,,,True,False,
run-0012,waveform,fyne,rust,stream,2,60,ok,1800,60.0,2.7352404999999997,5.01488275,6.519583129999999,6.23543701171875,0.0,47.74424778761062,203.0625,60.0,0.9391556499999999,0,0,59.999740253955906,0,30.0,5.0,,run-0012,1800,100.0,1800,100.0,0.0,0.0,0.0,0,0.0,,,,0,0.0,,,,0,0.0,,,,True,False,
run-0013,large-image,jfreechart,rust,stream,1,60,ok,629,20.966666666666665,34.61481,44.81392840000001,48.528859800000006,117.997607421875,65.0166852057842,220.59911504424778,657.27734375,34.233333333333334,26.652559399999998,398,773,20.971244910611752,0,30.0,5.0,,run-0013,629,100.0,629,100.0,30.012698,38.090335200000005,41.64416484000001,629,100.0,4.892923,7.7599938,9.2336486,0,0.0,,,,0,0.0,,,,False,True,
run-0014,multi-curve,plotly,rust,stream,3,60,ok,560,18.666666666666668,42.799999999813735,52.21499999973456,59.140999999856575,78.2067626953125,68.83695047301057,190.67391304347825,1464.21484375,60.0,3.60888495,1239,0,18.677507768262235,0,30.0,5.0,,run-0014,560,100.0,560,100.0,0.0,0.20000000018626451,0.20000000018626451,560,100.0,42.700000000186265,52.21499999973456,59.08200000007636,560,100.0,42.89999999990687,52.21499999973456,59.18199999989476,0,0.0,,,,False,False,
run-0015,large-image,plotly,rust,stream,1,60,ok,18,0.6,1274.9000000001397,1356.5999999998135,1364.7599999998135,1867.0615844726562,98.93428063943162,258.35789473684207,2250.0,41.9,27.052875800000002,1239,541,0.6008157658203206,0,30.0,5.0,,run-0015,18,100.0,18,100.0,0.5499999998137355,0.8149999998277052,0.8829999998910351,18,100.0,1274.4499999999534,1356.0000000001166,1364.1599999997998,18,100.0,1307.2999999998137,1383.7450000000651,1386.6689999999385,0,0.0,,,,False,True,
run-0016,multi-curve,plotly,rust,stream,2,60,ok,561,18.7,42.8000000002794,51.5,55.879999999888234,78.08837890625,68.79866518353727,189.73565217391308,1454.4140625,60.0,3.6430082499999994,1239,0,18.6771160023676,0,30.0,5.0,,run-0016,561,100.0,561,100.0,0.0,0.10000000009313226,0.20000000018626451,561,100.0,42.700000000186265,51.39999999990687,55.819999999832355,561,100.0,42.89999999990687,51.5,55.979999999981366,0,0.0,,,,False,False,
run-0017,multi-image,plotly,rust,stream,3,60,ok,68,2.2666666666666666,351.4000000001397,400.99000000015366,407.1639999999991,487.78033447265625,96.17332583005064,216.3330434782609,1609.390625,60.0,6.4598552,1732,0,2.26810915307872,0,30.0,5.0,,run-0017,68,100.0,68,100.0,0.39999999990686774,0.6000000000931323,0.7660000002477314,68,100.0,350.94999999995343,400.5900000002468,406.7629999999376,68,100.0,356.39999999990687,406.8450000001816,412.3920000000624,0,0.0,,,,False,False,
run-0018,multi-curve,fyne,rust,stream,2,60,ok,1800,60.0,5.807735,8.008067749999997,10.787354549999996,9.2300048828125,0.0,58.29396551724139,202.234375,60.0,2.9803801,0,0,60.00115952074011,0,30.0,5.0,,run-0018,1800,100.0,1800,100.0,0.0,0.0,0.0,0,0.0,,,,0,0.0,,,,0,0.0,,,,True,False,
run-0019,waveform,iced,rust,stream,1,60,ok,1800,60.0,0.147735,0.2669237,0.36087368,0.5031982421875,0.0,33.510714285714286,118.35546875,60.0,1.03646515,0,0,60.00008761390642,0,30.0,5.0,,run-0019,1800,100.0,1800,100.0,0.14283849999999998,0.26007185,0.35266372,1738,96.55555555555556,2.7812745,4.732711799999999,6.640882319999999,1800,100.0,0.149926,0.27110055000000005,0.36467679999999997,0,0.0,,,,True,False,
run-0020,rgb-image,qtgraphs-cpp,rust,stream,1,60,ok,1800,60.0,0.371222,0.77417145,0.9438854399999999,2.1644531249999996,0.0,37.24690265486726,200.12109375,60.0,4.24174075,0,0,60.000967512734924,0,30.0,5.0,,run-0020,1800,100.0,1800,100.0,0.006545499999999999,0.0135205,0.01928852,0,0.0,,,,0,0.0,,,,0,0.0,,,,True,False,
run-0021,large-image,plotly,rust,stream,3,60,ok,18,0.6,1282.3999999999069,1353.8000000002794,1381.0000000002792,1866.4058227539062,98.94551845342707,257.9592920353982,2263.17578125,41.266666666666666,29.32691065,1220,561,0.5672661184897309,0,30.0,5.0,,run-0021,18,100.0,18,100.0,0.5499999998137355,0.7999999998835847,0.8000000002002343,18,100.0,1281.7499999997672,1353.3849999999627,1380.517000000216,18,100.0,1315.9499999999534,1388.9700000003443,1411.954000000218,0,0.0,,,,False,True,
run-0022,multi-image,qtgraphs,rust,stream,1,60,ok,846,28.2,33.24771749998945,39.98623725021844,44.09490439986709,10.64306640625,52.97387437465258,143.024347826087,315.8203125,60.0,6.315107899999999,0,0,59.99746028503627,0,30.0,5.0,,run-0022,846,100.0,846,100.0,31.2566009999955,37.627106250056386,41.21387269992738,0,0.0,,,,0,0.0,,,,0,0.0,,,,False,False,
run-0023,multi-image,pyqtgraph-gl,rust,stream,2,60,ok,448,14.933333333333334,2.950301000055333,5.975153049939762,9.222730140045297,10.451025390625,75.02787068004459,61.853913043478265,296.65625,59.96666666666667,4.8820371,0,1,59.96601744806791,0,30.0,5.0,,run-0023,448,100.0,448,100.0,2.6331560000016907,5.609240000126191,8.75747915016744,0,0.0,,,,0,0.0,,,,0,0.0,,,,False,False,
run-0024,multi-curve,qtgraphs,rust,stream,1,60,ok,213,7.1,1.5244040000652603,2.2314027998618235,2.955873560185864,1.4234863281249999,88.12046848856664,144.18260869565216,514.80859375,60.0,3.7551208999999997,0,0,60.000739840713095,0,30.0,5.0,,run-0024,213,100.0,213,100.0,0.0008440001693088561,0.0022837999495095573,0.0036811601603403657,0,0.0,,,,0,0.0,,,,0,0.0,,,,False,False,
run-0025,rgb-image,matplotlib,rust,stream,2,60,ok,566,18.866666666666667,52.01795299990408,57.14358400007313,59.274521399993326,2.32562255859375,68.46796657381616,108.68448275862067,232.30859375,60.0,2.3835046500000003,0,0,60.00068951858949,0,30.0,5.0,,run-0025,566,100.0,566,100.0,0.0,0.0,0.0,0,0.0,,,,0,0.0,,,,0,0.0,,,,False,False,
run-0026,rgb-image,iced,rust,stream,1,60,ok,1800,60.0,1.2758405,2.4216150499999993,3.3701340600000003,1.37564697265625,0.0,35.22368421052632,122.875,60.0,3.871634349999999,0,0,59.999768101229805,0,30.0,5.0,,run-0026,1800,100.0,1800,100.0,1.2711675,2.4167547999999996,3.36526678,0,0.0,,,,1800,100.0,3.871195,7.117745449999999,8.08997903,1800,100.0,2.2451939999999997,5.593867749999999,6.162697359999999,True,False,
run-0027,rgb-image,jfreechart,rust,stream,2,60,ok,1800,60.0,4.7255985,6.9777651,8.32635251,9.693066406249999,0.0,73.06608695652174,202.44140625,60.0,2.6026295999999993,0,0,60.000176042327936,0,30.0,5.0,,run-0027,1800,100.0,1800,100.0,2.403092,3.8304212499999997,4.33744821,1800,100.0,2.2914649999999996,3.3869229,4.285934469999999,0,0.0,,,,0,0.0,,,,True,False,
run-0028,multi-curve,pyqtgraph-gl,rust,stream,2,60,ok,1794,59.8,1.7712349999783328,2.6566898498003866,3.153859140375061,1.594506835937499,0.3333333333333333,58.68695652173914,249.05859375,60.0,3.3926047,0,0,59.99691950789085,0,30.0,5.0,,run-0028,1794,100.0,1794,100.0,0.0,0.0,0.0,0,0.0,,,,0,0.0,,,,0,0.0,,,,True,False,
run-0029,waveform,qtgraphs,rust,stream,1,60,ok,1657,55.233333333333334,0.2133939997293055,0.3814610003246343,0.533157160098199,1.0195312499999996,7.944444444444445,117.70086956521742,330.1796875,60.0,0.4440536,0,0,59.99995033051985,0,30.0,5.0,,run-0029,1657,100.0,1657,100.0,0.0007150001692934893,0.0014108003597357304,0.0031173202296486168,0,0.0,,,,0,0.0,,,,0,0.0,,,,False,False,
run-0030,multi-image,pyqtgraph-gl,rust,stream,1,60,ok,450,15.0,3.9517984996564337,8.587768350480465,10.34883918975538,10.82501220703125,75.0,67.85652173913043,296.8046875,60.0,5.673434749999999,0,0,59.9987392349071,0,30.0,5.0,,run-0030,450,100.0,450,100.0,3.6119415003668114,8.011377650791463,9.77982863040779,0,0.0,,,,0,0.0,,,,0,0.0,,,,False,False,
run-0031,scalar-image,matplotlib,rust,stream,3,60,ok,642,21.4,46.01063050040466,50.17138729986072,51.980062350467065,2.728820800781249,64.33333333333333,109.7551724137931,235.58984375,60.0,1.5290020500000001,0,0,59.999526759048095,0,30.0,5.0,,run-0031,642,100.0,642,100.0,0.8910554997783038,2.244093099989186,2.9821874199205927,0,0.0,,,,0,0.0,,,,0,0.0,,,,False,False,
run-0032,multi-plot,qtgraphs,rust,stream,2,60,ok,209,6.966666666666667,1.5305050001188647,2.717083600327896,3.220605559690738,1.8151855468749996,88.35654596100278,145.4913043478261,546.30078125,59.96666666666667,3.9365685,0,0,59.99862578317853,0,30.0,5.0,,run-0032,209,100.0,209,100.0,0.0008450006134808064,0.0022037998860469084,0.004229159785609219,0,0.0,,,,0,0.0,,,,0,0.0,,,,False,False,
run-0033,multi-curve,iced,rust,stream,1,60,ok,1676,55.86666666666667,0.6657895,1.3608452500000001,1.9703395000000001,0.99041748046875,6.888888888888889,59.10086956521739,149.05859375,60.0,3.6306020500000002,0,0,59.99911052162858,0,30.0,5.0,,run-0033,1676,100.0,1676,100.0,0.658574,1.3365277500000001,1.844673,887,52.9236276849642,13.52235,18.5357,28.06459703999998,1676,100.0,0.6683165,1.3662975,1.9735152500000002,0,0.0,,,,False,False,
run-0034,multi-plot,fyne,rust,stream,1,60,ok,1800,60.0,5.37556,7.338625899999999,10.38415332,10.211926269531249,0.0,58.20603448275863,198.2265625,60.03333333333333,3.260073,0,0,60.00904286659148,0,30.0,5.0,,run-0034,1800,100.0,1800,100.0,0.0,0.0,0.0,0,0.0,,,,0,0.0,,,,0,0.0,,,,True,False,
run-0035,scalar-image,iced,rust,stream,3,60,ok,1800,60.0,2.263555,3.6869198499999998,5.647148809999999,1.2996948242187498,0.0,40.98070175438597,122.1171875,60.0,2.119342599999999,0,0,60.00197495774104,0,30.0,5.0,,run-0035,1800,100.0,1800,100.0,2.256233,3.6741026999999997,5.6430827699999995,0,0.0,,,,1800,100.0,4.230779999999999,7.656700299999998,9.93895027,1800,100.0,1.801749,4.54856055,5.7741280900000005,True,False,
run-0036,multi-curve,jfreechart,rust,stream,3,60,ok,1650,55.0,16.1653675,19.43069365,22.241617979999997,33.48033447265625,8.333333333333334,129.24827586206897,185.03125,60.0,3.33809815,0,0,59.998475428713206,0,30.0,5.0,,run-0036,1650,100.0,1650,100.0,0.3720605,0.6956914499999998,0.88680975,1650,100.0,15.7641095,18.9765673,21.75088612,0,0.0,,,,0,0.0,,,,False,False,
run-0037,multi-plot,jfreechart,rust,stream,1,60,ok,1645,54.833333333333336,15.55218,19.217409999999997,21.087364159999993,33.4115234375,8.61111111111111,135.5155172413793,265.13671875,60.0,3.2940515,0,0,60.00221631961847,0,30.0,5.0,,run-0037,1645,100.0,1645,100.0,0.477702,0.7026285999999999,0.8287515199999997,1645,100.0,15.069717,18.630372599999998,20.553551999999996,0,0.0,,,,0,0.0,,,,False,False,
run-0038,scalar-image,qtgraphs,rust,stream,3,60,ok,1777,59.233333333333334,6.702837000375439,7.943224800146709,15.960348119770064,2.9295898437499974,0.0,72.81826086956521,273.27734375,59.233333333333334,1.745434,0,0,60.00017914696648,0,30.0,5.0,,run-0038,1777,100.0,1777,100.0,6.269776000408456,7.5460436004505,15.427866119716784,0,0.0,,,,0,0.0,,,,0,0.0,,,,True,False,
run-0039,multi-plot,plotly,rust,stream,3,60,ok,506,16.866666666666667,48.799999999813735,60.425000000046566,74.38500000033527,84.1533203125,71.87326292384658,186.05826086956523,1454.765625,60.0,3.5413261499999997,1295,0,16.842455096265557,0,30.0,5.0,,run-0039,506,100.0,506,100.0,0.0,0.10000000055879354,0.20000000018626451,506,100.0,48.700000000186265,60.425000000046566,74.28999999980442,506,100.0,48.799999999813735,60.425000000046566,74.38500000033527,0,0.0,,,,False,False,
run-0040,rgb-image,qtgraphs,rust,stream,2,60,ok,1798,59.93333333333333,0.6454540002778231,1.2291113497667532,1.6298884292882572,3.0177978515624986,0.055586436909394105,44.26403508771929,268.65625,60.0,3.1726871,0,0,59.99943295856215,0,30.0,5.0,,run-0040,1798,100.0,1798,100.0,0.2236794998680125,0.4657442000279843,0.7465275499907874,0,0.0,,,,0,0.0,,,,0,0.0,,,,True,False,
run-0041,rgb-image,matplotlib,rust,stream,1,60,ok,564,18.8,52.15113499980362,57.630307899762556,59.94588843987913,2.65233154296875,68.61435726210351,109.39051724137931,234.3125,60.0,2.47395405,0,0,59.999764192838924,0,30.0,5.0,,run-0041,564,100.0,564,100.0,0.0,0.0,0.0,0,0.0,,,,0,0.0,,,,0,0.0,,,,False,False,
run-0042,rgb-image,matplotlib,rust,stream,3,60,ok,558,18.6,52.83506749992739,58.12753700001849,60.18562380963885,2.8149414062499973,68.93095768374165,109.73448275862069,232.59375,60.0,2.4395296999999996,0,0,59.99996694128767,0,30.0,5.0,,run-0042,558,100.0,558,100.0,0.0,0.0,0.0,0,0.0,,,,0,0.0,,,,0,0.0,,,,False,False,
run-0043,multi-plot,fyne,rust,stream,2,60,ok,1800,60.0,5.3487075,7.91657915,16.45750297,11.181152343749998,0.0,61.83965517241379,199.109375,60.0,4.379664949999999,0,0,59.999341601079124,0,30.0,5.0,,run-0043,1800,100.0,1800,100.0,0.0,0.0,0.0,0,0.0,,,,0,0.0,,,,0,0.0,,,,True,False,
run-0044,multi-image,qtgraphs,rust,stream,2,60,ok,810,27.0,33.834171499620425,44.75375080019148,50.648340160005304,11.198730468749996,54.94994438264739,143.35391304347826,315.4140625,60.0,6.4393533,0,0,60.00069244997301,0,30.0,5.0,,run-0044,810,100.0,810,100.0,31.757950499923027,41.79559454987611,46.144367490369405,0,0.0,,,,0,0.0,,,,0,0.0,,,,False,False,
run-0045,rgb-image,qtgraphs-cpp,rust,stream,2,60,ok,1784,59.46666666666667,0.4240945,0.8448027499999998,1.1192739100000013,2.2261962890625,0.0,38.392035398230085,200.0703125,59.46666666666667,4.37030565,0,0,59.99719811397071,0,30.0,5.0,,run-0045,1784,100.0,1784,100.0,0.0070755,0.014966,0.03007427,0,0.0,,,,0,0.0,,,,0,0.0,,,,True,False,
run-0046,multi-image,iced,rust,stream,1,60,ok,1797,59.9,6.3419430000000006,7.8925129999999974,9.22828416,4.947265624999999,0.16666666666666666,96.12956521739132,145.953125,60.0,6.341167349999999,0,0,60.0011209236124,0,30.0,5.0,,run-0046,1797,100.0,1797,100.0,6.336608,7.888375999999998,9.21799808,0,0.0,,,,1797,100.0,14.41805,19.036083599999994,20.773355199999997,1797,100.0,7.959658999999999,12.1609118,13.74965436,True,False,
run-0047,multi-plot,qtgraphs-cpp,rust,stream,3,60,ok,212,7.066666666666666,0.6684129999999999,0.944606,1.3340679099999984,1.0926635742187498,88.02936194240542,143.50176991150443,491.46875,59.2,3.77965275,0,0,59.99926486376072,0,30.0,5.0,,run-0047,212,100.0,212,100.0,0.0,0.0,0.0,0,0.0,,,,0,0.0,,,,0,0.0,,,,False,False,
run-0048,scalar-image,fyne,rust,stream,3,60,ok,1800,60.0,1.4656259999999999,3.0012979999999994,3.7887574999999996,5.47445068359375,0.0,52.25398230088496,193.23828125,60.0,2.4439531999999997,0,0,59.999556071760104,0,30.0,5.0,,run-0048,1800,100.0,1800,100.0,1.37578,2.8261313499999994,3.6734579,0,0.0,,,,0,0.0,,,,0,0.0,,,,True,False,
run-0049,waveform,pyqtgraph,rust,stream,1,60,ok,1800,60.0,0.4055969998262299,0.7747865000965248,1.0929684494021785,0.8942504882812499,0.0,37.807894736842115,168.17578125,60.0,0.70934175,0,0,60.00039442744695,0,30.0,5.0,,run-0049,1800,100.0,1800,100.0,0.0,0.0,0.0,0,0.0,,,,0,0.0,,,,0,0.0,,,,True,False,
run-0050,large-image,matplotlib,rust,stream,3,60,ok,59,1.9666666666666666,491.44475999946735,551.9004800997208,582.7887973996803,49.63974609375,96.63049685893775,171.44649122807016,603.65234375,36.0,25.14836585,129,718,31.721264776847644,0,30.0,5.0,,run-0050,59,100.0,59,100.0,35.14286199970229,42.58028030017158,44.20866667978772,0,0.0,,,,0,0.0,,,,0,0.0,,,,False,True,
run-0051,waveform,jfreechart,rust,stream,2,60,ok,1800,60.0,3.952323,7.235400149999999,8.044428139999999,8.17828369140625,0.0,62.61842105263158,180.8359375,60.0,0.8480568999999996,0,0,60.00018434777318,0,30.0,5.0,,run-0051,1800,100.0,1800,100.0,0.0282135,0.064882,0.09902283999999999,1800,100.0,3.9220255,7.1743543,7.98521475,0,0.0,,,,0,0.0,,,,True,False,
run-0052,rgb-image,fyne,rust,stream,3,60,ok,1800,60.0,1.203403,2.3693568,3.18143569,5.05675048828125,0.0,48.77345132743363,192.98046875,60.0,4.407298499999999,0,0,59.99774948512552,0,30.0,5.0,,run-0052,1800,100.0,1800,100.0,1.1094439999999999,2.2204101,3.02623604,0,0.0,,,,0,0.0,,,,0,0.0,,,,True,False,
run-0053,scalar-image,iced,rust,stream,2,60,ok,1800,60.0,2.2842655,3.66546875,4.733328819999999,1.71949462890625,0.0,40.51565217391305,123.4375,60.0,2.11374645,0,0,59.99987069667248,0,30.0,5.0,,run-0053,1800,100.0,1800,100.0,2.280983,3.66148865,4.72647949,0,0.0,,,,1800,100.0,4.3352895,7.4206198999999975,9.30763989,1800,100.0,1.8576475000000001,4.53677745,5.91164034,True,False,
run-0054,large-image,qtgraphs,rust,stream,3,60,ok,181,6.033333333333333,153.5395230002905,181.61950099965907,196.9106948003173,68.040283203125,89.93325917686317,178.48000000000002,472.640625,38.1,28.453439799999977,333,655,27.064687888784047,0,30.0,5.0,,run-0054,181,100.0,181,100.0,143.61066699984804,166.7643400005545,184.13506720044094,0,0.0,,,,0,0.0,,,,0,0.0,,,,False,True,
run-0055,multi-image,pyqtgraph,rust,stream,3,60,ok,1795,59.833333333333336,1.6872520000106306,3.131785299410694,3.5982448997492607,7.010009765625,0.0,90.62260869565215,216.4609375,59.833333333333336,5.1804295,0,0,60.00020506248626,0,30.0,5.0,,run-0055,1795,100.0,1795,100.0,1.499575999332592,2.7826964004816546,3.2260696798948625,0,0.0,,,,0,0.0,,,,0,0.0,,,,True,False,
run-0056,multi-image,qtgraphs-cpp,rust,stream,2,60,ok,1793,59.766666666666666,2.628304,4.3049338,5.35878328,5.985058593749998,0.16703786191536749,77.25739130434785,212.94921875,59.833333333333336,6.667448899999999,0,3,59.903476496068556,0,30.0,5.0,,run-0056,1793,100.0,1793,100.0,1.628607,2.6531134,3.4150763199999985,0,0.0,,,,0,0.0,,,,0,0.0,,,,True,False,
run-0057,scalar-image,qtgraphs-cpp,rust,stream,2,60,ok,1791,59.7,1.119881,2.0061400000000003,2.7166645999999988,2.4921875,0.0,42.91415929203539,199.19921875,59.7,2.7913354999999997,0,0,59.99884876947057,0,30.0,5.0,,run-0057,1791,100.0,1791,100.0,0.657114,1.1795900000000001,1.6194105999999997,0,0.0,,,,0,0.0,,,,0,0.0,,,,True,False,
run-0058,multi-curve,matplotlib,rust,stream,2,60,ok,702,23.4,41.8705644997317,46.1035223996987,48.93193356953817,16.442626953124993,60.91314031180401,105.86810344827585,203.171875,60.0,3.2111016,0,0,59.999384592801185,0,30.0,5.0,,run-0058,702,100.0,702,100.0,0.0,0.0,0.0,0,0.0,,,,0,0.0,,,,0,0.0,,,,False,False,
run-0059,multi-image,plotly,rust,stream,2,60,ok,66,2.2,361.54999999981374,412.8499999998603,423.4599999998696,494.32928466796875,96.23931623931624,214.42086956521737,1628.9453125,60.0,6.47038145,1734,0,2.2011356054104865,0,30.0,5.0,,run-0059,66,100.0,66,100.0,0.40000000037252903,0.5,0.6000000005587935,66,100.0,361.25,412.4249999995809,423.0299999999348,66,100.0,366.39999999990687,417.0,427.6799999999348,0,0.0,,,,False,False,
run-0060,multi-curve,jfreechart,rust,stream,2,60,ok,1648,54.93333333333333,16.2549815,19.681209299999995,21.87725406,33.9756591796875,8.4952803997779,130.14741379310345,184.13671875,60.0,3.3430345,0,0,60.00155966350907,0,30.0,5.0,,run-0060,1648,100.0,1648,100.0,0.3801215,0.6988036999999999,0.9431044699999999,1648,100.0,15.8349415,19.2220506,21.44538066,0,0.0,,,,0,0.0,,,,False,False,
run-0061,rgb-image,pyqtgraph-gl,rust,stream,2,60,ok,1784,59.46666666666667,0.18189800039181137,0.34026230036943156,0.4359703203135724,3.063867187499999,0.8337965536409117,49.1095652173913,251.96484375,60.0,2.77816845,0,0,60.00319009282376,0,30.0,5.0,,run-0061,1784,100.0,1784,100.0,0.0,0.0,0.0,0,0.0,,,,0,0.0,,,,0,0.0,,,,True,False,
run-0062,waveform,pyqtgraph-gl,rust,stream,2,60,ok,1775,59.166666666666664,0.6139999995866674,1.1744020001970057,1.5988819598169355,2.8534912109374986,1.3888888888888888,45.59561403508771,245.32421875,60.0,0.8335185999999999,0,0,59.999266854254486,0,30.0,5.0,,run-0062,1775,100.0,1775,100.0,0.0,0.0,0.0,0,0.0,,,,0,0.0,,,,0,0.0,,,,False,False,
run-0063,scalar-image,plotly,rust,stream,2,60,ok,281,9.366666666666667,82.29999999981374,102.69999999925494,111.620000000298,135.36279296875,84.35412026726058,197.28782608695653,1592.25,60.0,1.5579322,1519,0,9.338753199743161,0,30.0,5.0,,run-0063,281,100.0,281,100.0,0.10000000055879354,0.2999999998137355,0.3,281,100.0,82.09999999962747,102.5,111.40000000018625,281,100.0,83.29999999981374,103.79999999981374,112.83999999966473,0,0.0,,,,False,False,
run-0064,waveform,pyqtgraph-gl,rust,stream,3,60,ok,1784,59.46666666666667,0.620828999672085,1.022437249503127,1.2272231795213884,3.119543457031248,0.8337965536409117,44.785964912280704,245.2734375,60.0,0.69491715,0,0,59.99983454395265,0,30.0,5.0,,run-0064,1784,100.0,1784,100.0,0.0,0.0,0.0,0,0.0,,,,0,0.0,,,,0,0.0,,,,True,False,
run-0065,waveform,iced,rust,stream,2,60,ok,1800,60.0,0.1320175,0.26218565,0.3725608899999999,0.5964843749999997,0.0,31.871681415929206,117.87890625,60.0,0.87126235,0,0,60.00143458778445,0,30.0,5.0,,run-0065,1800,100.0,1800,100.0,0.12789450000000002,0.2558438,0.36353057999999994,1751,97.27777777777777,2.653846,4.333999,5.7235745,1800,100.0,0.134015,0.26565235,0.3770664299999999,0,0.0,,,,True,False,
run-0066,large-image,fyne,rust,stream,1,60,ok,767,25.566666666666666,29.149874,41.21508799999999,47.98762220000001,108.26359863281249,57.36520289049472,218.2221238938053,406.7578125,30.266666666666666,31.143730650000002,44,889,28.823469402457423,0,30.0,5.0,,run-0066,767,100.0,767,100.0,29.017714,41.06981509999998,47.83988002000002,0,0.0,,,,0,0.0,,,,0,0.0,,,,False,True,
run-0067,rgb-image,plotly,rust,stream,3,60,ok,44,1.4666666666666666,18.049999999813735,33.43499999968335,85.9859999997076,806.0619995117188,97.52670039347949,124.51724137931036,1607.03515625,60.0,2.367594,1756,0,1.4675053708266799,0,30.0,5.0,,run-0067,44,100.0,44,100.0,6.850000000093132,17.514999999897558,71.63699999978769,44,100.0,11.549999999813735,16.88500000028871,18.056000000452624,44,100.0,650.4500000001863,773.7850000000559,787.4360000000801,0,0.0,,,,False,False,
run-0068,scalar-image,qtgraphs,rust,stream,1,60,ok,1799,59.96666666666667,6.98754800032475,9.20485639999242,11.339218879475084,3.660083007812499,0.05555555555555555,79.69224137931037,277.3671875,60.0,1.7345696499999999,0,0,59.99848080251994,0,30.0,5.0,,run-0068,1799,100.0,1799,100.0,6.643220000114525,8.809630899941112,10.813739879522473,0,0.0,,,,0,0.0,,,,0,0.0,,,,True,False,
run-0069,multi-plot,matplotlib,rust,stream,2,60,ok,738,24.6,39.97044600009758,43.60618829991836,44.92811427947345,15.62021484375,58.954393770856505,105.96923076923075,203.30859375,60.0,3.24037605,0,0,59.99958782723043,0,30.0,5.0,,run-0069,738,100.0,738,100.0,0.0,0.0,0.0,0,0.0,,,,0,0.0,,,,0,0.0,,,,False,False,
run-0070,multi-plot,fyne,rust,stream,3,60,ok,1799,59.96666666666667,5.401235,7.429941499999998,10.945909639999998,10.016284179687498,0.05555555555555555,59.94568965517242,198.203125,59.96666666666667,3.4203198999999995,0,1,59.96517665749049,0,30.0,5.0,,run-0070,1799,100.0,1799,100.0,0.0,0.0,0.0,0,0.0,,,,0,0.0,,,,0,0.0,,,,True,False,
run-0071,scalar-image,pyqtgraph,rust,stream,3,60,ok,1798,59.93333333333333,0.7783460000609921,1.519838349577184,2.052539829464876,3.354821777343747,0.0,54.6456140350877,175.19140625,59.93333333333333,2.378082899999999,0,0,59.99986403150595,0,30.0,5.0,,run-0071,1798,100.0,1798,100.0,0.6471820001934248,1.3237092505278267,1.822598229919094,0,0.0,,,,0,0.0,,,,0,0.0,,,,True,False,
run-0072,rgb-image,fyne,rust,stream,2,60,ok,1800,60.0,1.2014205,2.4424062499999994,3.4388196999999994,5.28878173828125,0.0,50.02389380530974,193.51171875,60.0,4.46180445,0,0,59.9994700878861,0,30.0,5.0,,run-0072,1800,100.0,1800,100.0,1.1066189999999998,2.28562125,3.236408569999999,0,0.0,,,,0,0.0,,,,0,0.0,,,,True,False,
run-0073,multi-image,jfreechart,rust,stream,1,60,ok,1622,54.06666666666667,10.7718645,15.69244049999997,18.33213939,44.635424804687496,9.938922820655192,226.10526315789474,448.4765625,60.0,7.4636629,15,0,59.51168012367688,0,30.0,5.0,,run-0073,1622,100.0,1622,100.0,6.954463499999999,10.0299395,11.585530189999998,1622,100.0,3.7313074999999998,6.41211915,8.082679329999998,0,0.0,,,,0,0.0,,,,False,False,
run-0074,multi-plot,pyqtgraph,rust,stream,1,60,ok,1796,59.86666666666667,1.1228284997741866,1.9902312501471897,2.3136782496749215,1.06500244140625,0.0,87.72586206896553,179.6875,59.86666666666667,2.6876142499999998,0,0,60.00002725671503,0,30.0,5.0,,run-0074,1796,100.0,1796,100.0,0.0,0.0,0.0,0,0.0,,,,0,0.0,,,,0,0.0,,,,True,False,
run-0075,multi-plot,jfreechart,rust,stream,3,60,ok,1574,52.46666666666667,16.3967335,20.129495799999997,22.29461757,34.76187744140625,12.60410882842865,136.5508620689655,200.015625,60.0,3.4395939999999996,0,0,60.0019016701059,0,30.0,5.0,,run-0075,1574,100.0,1574,100.0,0.49115200000000003,0.7434744999999998,0.9626007299999997,1574,100.0,15.895783,19.52362345,21.76197863,0,0.0,,,,0,0.0,,,,False,False,
run-0076,rgb-image,pyqtgraph-gl,rust,stream,1,60,ok,1792,59.733333333333334,0.18951050014948123,0.3531072999521711,0.49327524973705295,6.377807617187498,0.4444444444444444,49.7895652173913,252.3515625,60.0,2.84409135,0,0,59.99947790459174,0,30.0,5.0,,run-0076,1792,100.0,1792,100.0,0.0,0.0,0.0,0,0.0,,,,0,0.0,,,,0,0.0,,,,True,False,
run-0077,scalar-image,pyqtgraph-gl,rust,stream,3,60,ok,1797,59.9,1.3544439998440794,1.9650007996460772,2.1793301201614663,5.624121093749999,0.16666666666666666,59.39913043478261,252.88671875,60.0,1.63586515,0,0,60.00001628509336,0,30.0,5.0,,run-0077,1797,100.0,1797,100.0,1.1657299992293702,1.7674330003501382,1.935078840069763,0,0.0,,,,0,0.0,,,,0,0.0,,,,True,False,
run-0078,large-image,matplotlib,rust,stream,1,60,ok,61,2.033333333333333,477.5390620006874,571.052618000067,592.1631520002848,66.452392578125,96.55367231638418,171.7438596491228,600.8125,39.93333333333333,26.733134899999992,504,601,23.092965171445286,0,30.0,5.0,,run-0078,61,100.0,61,100.0,38.531494999915594,45.44182799963892,47.78397339978255,0,0.0,,,,0,0.0,,,,0,0.0,,,,False,True,
run-0079,multi-image,pyqtgraph,rust,stream,1,60,ok,1796,59.86666666666667,1.7482705002294097,3.446405499971661,5.032258050232485,8.5859375,0.16675931072818231,92.32347826086955,220.42578125,60.0,4.28317105,0,0,59.999880956236055,0,30.0,5.0,,run-0079,1796,100.0,1796,100.0,1.5451365002263628,3.076279500419332,4.466875200023423,0,0.0,,,,0,0.0,,,,0,0.0,,,,True,False,
run-0080,multi-curve,fyne,rust,stream,1,60,ok,1799,59.96666666666667,5.836544,9.522628099999988,18.533532839999996,14.838940429687499,0.05555555555555555,61.26896551724138,201.91796875,60.0,6.7902800999999995,0,0,60.000506307687516,0,30.0,5.0,,run-0080,1799,100.0,1799,100.0,0.0,0.0,0.0,0,0.0,,,,0,0.0,,,,0,0.0,,,,True,False,
run-0081,waveform,pyqtgraph,rust,stream,3,60,ok,1800,60.0,0.4070234999744571,0.7461531997250859,1.1228926604235312,0.9172729492187499,0.0,37.12456140350877,171.67578125,60.0,0.7191397,0,0,59.99997329246603,0,30.0,5.0,,run-0081,1800,100.0,1800,100.0,0.0,0.0,0.0,0,0.0,,,,0,0.0,,,,0,0.0,,,,True,False,
run-0082,rgb-image,pyqtgraph,rust,stream,3,60,ok,1801,60.03333333333333,0.12722800056508277,0.2438629999232944,0.3683750001073349,2.080078125,0.0,41.74736842105263,171.7421875,60.0,2.74367695,0,0,60.000082728365875,0,30.0,5.0,,run-0082,1801,100.0,1801,100.0,0.0,0.0,0.0,0,0.0,,,,0,0.0,,,,0,0.0,,,,True,False,
run-0083,large-image,pyqtgraph,rust,stream,1,60,ok,686,22.866666666666667,36.83866799974567,48.93972925037815,52.10077160049875,75.31378173828125,61.93118756936737,164.51946902654865,351.5703125,34.1,28.169928199999998,285,775,24.636019753490498,0,30.0,5.0,,run-0083,686,100.0,686,100.0,36.61003900015203,48.72529574981854,51.97364690006905,0,0.0,,,,0,0.0,,,,0,0.0,,,,False,True,
run-0084,large-image,qtgraphs-cpp,rust,stream,1,60,ok,894,29.8,17.971919,25.690020999999994,34.55476292999996,59.13171386718749,49.88789237668161,163.03157894736842,273.234375,35.733333333333334,29.1420984,174,716,30.118868314472344,0,30.0,5.0,,run-0084,894,100.0,894,100.0,12.3477035,17.318683649999997,19.129575969999998,0,0.0,,,,0,0.0,,,,0,0.0,,,,False,True,
run-0085,multi-plot,pyqtgraph,rust,stream,2,60,ok,1800,60.0,1.1338735002937028,1.6165321997505087,2.2969216600358777,1.0714233398437496,0.0,86.54396551724139,180.14453125,60.0,2.86496725,0,0,60.00070661833076,0,30.0,5.0,,run-0085,1800,100.0,1800,100.0,0.0,0.0,0.0,0,0.0,,,,0,0.0,,,,0,0.0,,,,True,False,
run-0086,scalar-image,matplotlib,rust,stream,1,60,ok,635,21.166666666666668,46.46115299965459,51.6412446000686,53.41200899971226,3.4487792968749993,64.68298109010011,111.75603448275862,235.11328125,60.0,1.561999,0,0,59.99798397373108,0,30.0,5.0,,run-0086,635,100.0,635,100.0,0.8603879996371688,2.3655874001633492,3.4252787603327293,0,0.0,,,,0,0.0,,,,0,0.0,,,,False,False,
run-0087,rgb-image,plotly,rust,stream,1,60,ok,43,1.4333333333333333,19.700000000186265,31.45000000046566,34.95799999978392,802.633837890625,97.55681818181819,124.46120689655174,1597.62109375,60.0,2.3450474499999996,1757,0,1.4341314190649292,0,30.0,5.0,,run-0087,43,100.0,43,100.0,8.700000000186265,17.06000000052154,22.07199999984353,43,100.0,12.099999999627473,16.040000000502914,17.79600000027567,43,100.0,651.5,775.5600000000559,800.5760000001266,0,0.0,,,,False,False,
run-0088,multi-image,qtgraphs-cpp,rust,stream,3,60,ok,1799,59.96666666666667,3.283682,4.8793448999999995,5.832738859999999,6.5407958984375,0.05555555555555555,78.1808695652174,212.9375,59.96666666666667,5.101487199999996,0,1,59.96888324651049,0,30.0,5.0,,run-0088,1799,100.0,1799,100.0,1.775251,2.9847245,3.5688764799999992,0,0.0,,,,0,0.0,,,,0,0.0,,,,True,False,
run-0089,multi-plot,pyqtgraph,rust,stream,3,60,ok,1800,60.0,1.1528344998623652,1.7765714499091696,2.3434854603601702,1.4115600585937496,0.0,88.48017241379311,179.9140625,60.0,2.6171524,0,0,60.00075205483349,0,30.0,5.0,,run-0089,1800,100.0,1800,100.0,0.0,0.0,0.0,0,0.0,,,,0,0.0,,,,0,0.0,,,,True,False,
run-0090,multi-curve,pyqtgraph,rust,stream,1,60,ok,1800,60.0,1.1320685002829123,1.9117592995371522,2.292674140271629,1.28687744140625,0.0,87.05086206896553,175.4609375,60.0,3.1417752500000002,0,0,59.99911491847255,0,30.0,5.0,,run-0090,1800,100.0,1800,100.0,0.0,0.0,0.0,0,0.0,,,,0,0.0,,,,0,0.0,,,,True,False,
run-0091,large-image,qtgraphs-cpp,rust,stream,2,60,ok,897,29.9,17.88796,24.69759399999998,34.97270671999999,59.64335937499999,49.60674157303371,163.8530973451327,272.5390625,34.03333333333333,27.834857,124,760,30.195978285121758,0,30.0,5.0,,run-0091,897,100.0,897,100.0,12.246332,16.579099,18.548914,0,0.0,,,,0,0.0,,,,0,0.0,,,,False,True,
run-0092,scalar-image,qtgraphs-cpp,rust,stream,3,60,ok,1795,59.833333333333336,1.200738,1.93462,2.5101019599999996,2.4721435546875,0.0,44.77232142857143,197.97265625,59.833333333333336,2.857728,0,0,60.002559421463616,0,30.0,5.0,,run-0092,1795,100.0,1795,100.0,0.71657,1.1552475,1.4904761999999998,0,0.0,,,,0,0.0,,,,0,0.0,,,,True,False,
run-0093,multi-curve,fyne,rust,stream,3,60,ok,1801,60.03333333333333,5.886577,7.96204,9.07496,9.123779296875,0.0,57.60427350427349,200.73046875,60.0,3.1792543499999995,0,0,59.99756775771688,0,30.0,5.0,,run-0093,1801,100.0,1801,100.0,0.0,0.0,0.0,0,0.0,,,,0,0.0,,,,0,0.0,,,,True,False,
run-0094,multi-image,iced,rust,stream,3,60,ok,1795,59.833333333333336,6.223062,8.8363475,10.418934279999998,5.0706298828125,0.2777777777777778,97.85999999999999,144.81640625,60.0,6.8329625,0,0,59.9995585144874,0,30.0,5.0,,run-0094,1795,100.0,1795,100.0,6.218686,8.8315503,10.412553619999999,0,0.0,,,,1795,100.0,16.091095,19.4310081,21.639306859999998,1795,100.0,9.321362,12.520958899999998,13.93885482,True,False,
run-0095,waveform,qtgraphs-cpp,rust,stream,1,60,ok,1684,56.13333333333333,0.0882575,0.17819284999999999,0.3252374100000001,0.8068115234375,6.444444444444445,116.88521739130435,269.0078125,60.0,0.4666913,0,0,60.000156988668124,0,30.0,5.0,,run-0095,1684,100.0,1684,100.0,0.0,0.0,0.0,0,0.0,,,,0,0.0,,,,0,0.0,,,,False,False,
run-0096,multi-curve,matplotlib,rust,stream,1,60,ok,715,23.833333333333332,41.19308999997884,44.72529499998927,46.44703519967152,16.1242431640625,60.23359288097887,105.78632478632477,202.84765625,60.0,3.0777007,0,0,59.966519882959965,0,30.0,5.0,,run-0096,715,100.0,715,100.0,0.0,0.0,0.0,0,0.0,,,,0,0.0,,,,0,0.0,,,,False,False,
run-0097,large-image,qtgraphs,rust,stream,2,60,ok,175,5.833333333333333,159.53734699996858,194.72174360071222,202.65596067962176,45.67646484375,90.24526198439241,174.76666666666665,459.75390625,37.733333333333334,28.4105392,124,666,33.57523051042299,0,30.0,5.0,,run-0097,175,100.0,175,100.0,146.79005800007872,175.87765030002626,193.9274890196975,0,0.0,,,,0,0.0,,,,0,0.0,,,,False,True,
run-0098,multi-curve,iced,rust,stream,2,60,ok,1698,56.6,0.653644,1.2076938499999992,1.6710945399999992,0.9807739257812496,5.6142301278488045,59.39739130434781,150.484375,60.0,3.45157095,0,0,60.000099339207,0,30.0,5.0,,run-0098,1698,100.0,1698,100.0,0.6458440000000001,1.1587597999999997,1.4100734099999996,888,52.29681978798587,13.7009155,19.788267649999998,28.33247784,1698,100.0,0.6558265000000001,1.2146322999999999,1.6729463199999994,0,0.0,,,,False,False,
run-0099,rgb-image,jfreechart,rust,stream,1,60,ok,1800,60.0,4.9436945,7.562617349999999,12.19208033,10.069470214843749,0.0,78.40434782608696,215.4765625,60.0,2.7726342,0,0,59.998344992063316,0,30.0,5.0,,run-0099,1800,100.0,1800,100.0,2.5277545000000003,4.57859105,6.759922439999993,1800,100.0,2.3592335,3.59183525,4.5547394599999995,0,0.0,,,,0,0.0,,,,True,False,
run-0100,large-image,jfreechart,rust,stream,3,60,ok,643,21.433333333333334,34.370176,44.968447899999994,48.30443964,119.76884765625,64.25792106725959,229.05309734513278,452.9609375,32.5,27.259605699999998,332,823,21.44024617564589,0,30.0,5.0,,run-0100,643,100.0,643,100.0,29.644979,38.4701999,41.51428100000001,643,100.0,4.950827,8.043535799999999,9.723042240000002,0,0.0,,,,0,0.0,,,,False,True,
run-0101,rgb-image,pyqtgraph-gl,rust,stream,3,60,ok,1789,59.63333333333333,0.18510600057197735,0.3191026004060403,0.3967754397672247,2.1841796874999995,0.6111111111111112,47.752173913043485,252.02734375,60.0,2.31946575,0,0,60.0000153079875,0,30.0,5.0,,run-0101,1789,100.0,1789,100.0,0.0,0.0,0.0,0,0.0,,,,0,0.0,,,,0,0.0,,,,True,False,
run-0102,multi-image,matplotlib,rust,stream,2,60,ok,222,7.4,132.71522349987208,144.9850025499927,151.43550829009655,12.033984375,87.61851645287229,129.97478260869565,259.6328125,60.0,5.87697035,0,0,60.00414288696291,0,30.0,5.0,,run-0102,222,100.0,222,100.0,7.563227499758796,10.53135880033551,11.295011260226602,0,0.0,,,,0,0.0,,,,0,0.0,,,,False,False,
run-0103,rgb-image,qtgraphs,rust,stream,1,60,ok,1783,59.43333333333333,0.6481010004790733,1.5051574001518015,1.9579546398563263,2.6453613281249986,0.9444444444444444,43.86929824561404,267.375,60.0,3.82173905,0,0,59.998179870825545,0,30.0,5.0,,run-0103,1783,100.0,1783,100.0,0.22268000066105745,0.5931377001616055,0.8260398399397673,0,0.0,,,,0,0.0,,,,0,0.0,,,,True,False,
run-0104,large-image,iced,rust,stream,1,60,ok,584,19.466666666666665,30.289153,37.480777849999996,39.8947499,24.170202636718756,67.48329621380846,162.99734513274333,245.296875,35.06666666666667,28.308353949999994,2,748,34.95406369873187,0,30.0,5.0,,run-0104,584,100.0,584,100.0,30.278221000000002,37.47539845,39.87346541,0,0.0,,,,584,100.0,50.987038999999996,59.146565550000005,62.19077353999999,584,100.0,20.015314,25.127841099999998,26.668520609999987,False,True,
run-0105,multi-curve,qtgraphs,rust,stream,3,60,ok,212,7.066666666666666,1.5139264996832935,2.6735875500889947,3.094795190072545,1.4715942382812495,88.18283166109254,144.22956521739133,517.609375,60.0,3.7043738999999998,0,0,60.00133980418421,0,30.0,5.0,,run-0105,212,100.0,212,100.0,0.0008279998837679159,0.002111299909302032,0.003780009437832629,0,0.0,,,,0,0.0,,,,0,0.0,,,,False,False,
run-0106,rgb-image,qtgraphs-cpp,rust,stream,3,60,ok,1779,59.3,0.351258,0.6794722,0.9340187200000002,1.6913085937499996,0.0,36.46991150442477,199.33984375,59.333333333333336,4.3322289,0,0,59.9921417597301,0,30.0,5.0,,run-0106,1779,100.0,1779,100.0,0.006552,0.012434499999999996,0.023720760000000014,0,0.0,,,,0,0.0,,,,0,0.0,,,,True,False,
run-0107,rgb-image,iced,rust,stream,2,60,ok,1800,60.0,1.1879620000000002,1.7513357,2.47027275,1.0525634765624998,0.0,33.11929824561403,121.8359375,60.0,3.9495869999999997,0,0,60.0027547492655,0,30.0,5.0,,run-0107,1800,100.0,1800,100.0,1.1836215,1.7456399999999999,2.4658245400000003,0,0.0,,,,1800,100.0,3.0017405,5.21990555,6.478955279999999,1800,100.0,1.773607,3.8662322,4.7567565499999995,True,False,
run-0108,multi-image,fyne,rust,stream,1,60,ok,1796,59.86666666666667,3.591409,5.74255875,6.90594475,13.7847900390625,0.2222222222222222,110.84224137931034,215.00390625,60.0,5.123641999999999,0,0,59.999887795947046,0,30.0,5.0,,run-0108,1796,100.0,1796,100.0,3.3752509999999996,5.461080249999999,6.577771099999995,0,0.0,,,,0,0.0,,,,0,0.0,,,,True,False,
run-0109,scalar-image,qtgraphs,rust,stream,2,60,ok,1798,59.93333333333333,6.9449495003937045,9.224133900488592,12.535481070099193,3.889123535156248,0.1111111111111111,77.90344827586208,275.22265625,60.0,1.82313565,0,0,60.000021170623086,0,30.0,5.0,,run-0109,1798,100.0,1798,100.0,6.5949939998972695,8.874234650375001,11.511406529743889,0,0.0,,,,0,0.0,,,,0,0.0,,,,True,False,
run-0110,multi-plot,iced,rust,stream,2,60,ok,1744,58.13333333333333,0.6781505,1.2741734,2.00353401,0.9246948242187499,3.0572540300166757,57.178260869565214,138.58203125,60.0,3.4408481499999994,0,0,59.999061667850064,0,30.0,5.0,,run-0110,1744,100.0,1744,100.0,0.669239,1.2488085999999998,1.9869213499999998,896,51.37614678899082,12.93992,16.01189925,22.213370949999874,1744,100.0,0.680506,1.2805942,2.0137418899999995,0,0.0,,,,False,False,
run-0111,waveform,qtgraphs,rust,stream,3,60,ok,1637,54.56666666666667,0.21039599960204217,0.3758623999601695,0.5064939602380027,0.8680664062499988,9.055555555555555,116.73217391304348,326.39453125,60.0,0.4369990999999999,0,0,60.00002996457861,0,30.0,5.0,,run-0111,1637,100.0,1637,100.0,0.0007109993021003902,0.001448799412173684,0.0024141598987625825,0,0.0,,,,0,0.0,,,,0,0.0,,,,False,False,
run-0112,rgb-image,plotly,rust,stream,2,60,ok,43,1.4333333333333333,17.0,29.62000000011176,33.41799999997019,812.0638427734375,97.53581661891117,122.93130434782607,1597.70703125,60.0,2.29557705,1757,0,1.4341245994433027,0,30.0,5.0,,run-0112,43,100.0,43,100.0,6.8999999994412065,17.700000000279395,20.355999999567864,43,100.0,10.400000000372527,15.450000000465659,16.31599999975413,43,100.0,659.5,776.7299999996088,781.0440000000596,0,0.0,,,,False,False,
run-0113,multi-plot,iced,rust,stream,3,60,ok,1757,58.56666666666667,0.6981759999999999,1.2869081999999996,1.62714328,0.9685546874999993,2.388888888888889,58.17826086956523,139.96484375,60.0,3.7844919499999996,0,0,59.99615843064524,0,30.0,5.0,,run-0113,1757,100.0,1757,100.0,0.6891510000000001,1.2697643999999992,1.6050036800000003,900,51.22367672168469,13.160772999999999,15.958234549999997,19.006340369999993,1757,100.0,0.700299,1.2909873999999997,1.6336316400000004,0,0.0,,,,False,False,
run-0114,waveform,pyqtgraph,rust,stream,2,60,ok,1776,59.2,0.4252090002410114,0.9279040002638793,1.2903247493341041,0.95758056640625,0.0,39.385840707964604,171.9375,59.2,0.86065975,0,0,59.99984468570134,0,30.0,5.0,,run-0114,1776,100.0,1776,100.0,0.0,0.0,0.0,0,0.0,,,,0,0.0,,,,0,0.0,,,,True,False,
run-0115,scalar-image,pyqtgraph-gl,rust,stream,1,60,ok,1795,59.833333333333336,1.341485000011744,2.011880999634741,2.7280162403258132,3.2070068359375,0.2777777777777778,56.666086956521745,253.05078125,60.0,1.1874041499999997,0,0,59.999878024931824,0,30.0,5.0,,run-0115,1795,100.0,1795,100.0,1.1620870000115249,1.818771000034758,2.5436602593981656,0,0.0,,,,0,0.0,,,,0,0.0,,,,True,False,
run-0116,multi-image,qtgraphs,rust,stream,3,60,ok,822,27.4,33.5473439999987,43.69510454989722,48.8948501296727,11.196716308593741,54.282536151279196,143.4139130434783,313.90234375,60.0,6.6739812,0,0,59.99713396125637,0,30.0,5.0,,run-0116,822,100.0,822,100.0,31.562760999804595,39.85625554987564,45.04927400960696,0,0.0,,,,0,0.0,,,,0,0.0,,,,False,False,
run-0117,scalar-image,plotly,rust,stream,1,60,ok,277,9.233333333333333,85.29999999981374,103.33999999985099,106.84400000009687,135.586474609375,84.60255697609783,196.41551724137932,1632.1953125,60.0,1.62115845,1523,0,9.239311140572989,0,30.0,5.0,,run-0117,277,100.0,277,100.0,0.10000000055879354,0.2999999998137355,0.30000000074505806,277,100.0,85.1000000005588,103.12000000048428,106.79600000027567,277,100.0,86.30000000074506,104.39999999962747,108.0919999993965,0,0.0,,,,False,False,
run-0118,multi-curve,jfreechart,rust,stream,1,60,ok,1624,54.13333333333333,16.4988365,20.071683499999995,22.921617649999998,34.66959228515625,9.777777777777779,129.7896551724138,193.578125,60.0,3.3808674499999998,0,0,59.9990856061916,0,30.0,5.0,,run-0118,1624,100.0,1624,100.0,0.4006075,0.7534394499999996,0.98329923,1624,100.0,16.027528,19.422225399999995,22.52319249,0,0.0,,,,0,0.0,,,,False,False,
run-0119,scalar-image,qtgraphs-cpp,rust,stream,1,60,ok,1800,60.0,1.1009540000000002,1.6884957999999997,2.2532911799999997,2.01221923828125,0.0,41.13982300884956,197.859375,60.0,2.6349186,0,0,59.99936602818637,0,30.0,5.0,,run-0119,1800,100.0,1800,100.0,0.649063,1.0319267,1.32369301,0,0.0,,,,0,0.0,,,,0,0.0,,,,True,False,
run-0120,large-image,fyne,rust,stream,2,60,ok,761,25.366666666666667,29.681851,40.869333,47.629744599999995,107.042724609375,57.628062360801785,218.1230088495575,397.35546875,30.166666666666668,32.17352,43,895,28.708091906504507,0,30.0,5.0,,run-0120,761,100.0,761,100.0,29.478433,40.749134,47.4606546,0,0.0,,,,0,0.0,,,,0,0.0,,,,False,True,
run-0121,multi-curve,pyqtgraph,rust,stream,3,60,ok,1800,60.0,1.1498335002215754,2.0718219995160325,2.4480637603937794,2.1552368164062496,0.0,87.81538461538463,175.68359375,60.0,2.8735744000000003,0,0,60.00170770302885,0,30.0,5.0,,run-0121,1800,100.0,1800,100.0,0.0,0.0,0.0,0,0.0,,,,0,0.0,,,,0,0.0,,,,True,False,
run-0122,multi-curve,matplotlib,rust,stream,3,60,ok,707,23.566666666666666,41.563577000488294,45.41446859984717,46.866590120589535,17.186816406249996,60.65664997217585,105.69224137931036,202.95703125,60.0,3.23542745,0,0,59.99842071364495,0,30.0,5.0,,run-0122,707,100.0,707,100.0,0.0,0.0,0.0,0,0.0,,,,0,0.0,,,,0,0.0,,,,False,False,
run-0123,rgb-image,iced,rust,stream,3,60,ok,1800,60.0,1.2506974999999998,2.1311756499999994,2.81036086,1.3853881835937498,0.0,34.91228070175438,122.6875,60.0,4.07590525,0,0,59.99883059055576,0,30.0,5.0,,run-0123,1800,100.0,1800,100.0,1.2451585,2.1260974,2.80421112,0,0.0,,,,1800,100.0,3.3334479999999997,5.8126852499999995,7.39765918,1800,100.0,1.855159,4.50197125,5.859541309999999,True,False,
run-0124,multi-curve,pyqtgraph-gl,rust,stream,3,60,ok,1793,59.766666666666666,1.7739449995133327,2.410673599661095,3.138590079906859,2.4515624999999996,0.4441976679622432,60.24521739130434,249.05859375,60.0,3.3994777499999995,0,0,60.0001345151362,0,30.0,5.0,,run-0124,1793,100.0,1793,100.0,0.0,0.0,0.0,0,0.0,,,,0,0.0,,,,0,0.0,,,,True,False,
run-0125,scalar-image,jfreechart,rust,stream,3,60,ok,1800,60.0,4.12005,6.9204554499999995,10.851531869999999,11.886474609374998,0.0,76.12347826086956,228.125,60.0,2.2290055,0,0,60.00015063745087,0,30.0,5.0,,run-0125,1800,100.0,1800,100.0,1.3735979999999999,2.5233880999999996,3.9603847999999995,1800,100.0,2.62519,4.519244249999999,6.9632342,0,0.0,,,,0,0.0,,,,True,False,
run-0126,scalar-image,pyqtgraph,rust,stream,1,60,ok,1800,60.0,0.7275020002452948,1.324692650587167,1.770236069260136,3.3364501953125,0.0,53.117391304347834,177.359375,60.0,2.2481550999999995,0,0,60.000167248329596,0,30.0,5.0,,run-0126,1800,100.0,1800,100.0,0.6064214999241813,1.1301507499410945,1.4961743400726844,0,0.0,,,,0,0.0,,,,0,0.0,,,,True,False,
run-0127,rgb-image,jfreechart,rust,stream,3,60,ok,1800,60.0,5.0304335,6.6656746,11.527045889999995,9.113366699218748,0.0,74.75565217391302,272.67578125,60.0,2.75465905,0,0,60.00025714265637,0,30.0,5.0,,run-0127,1800,100.0,1800,100.0,2.4678009999999997,3.0943004,6.95982959,1800,100.0,2.4898645,3.76101755,4.7346848999999995,0,0.0,,,,0,0.0,,,,True,False,
run-0128,multi-image,matplotlib,rust,stream,3,60,ok,224,7.466666666666667,132.0029609996709,146.76760054958322,152.26815030003308,12.0297607421875,87.52089136490251,129.03103448275863,257.9453125,60.0,6.078044299999999,0,0,59.99977738366019,0,30.0,5.0,,run-0128,224,100.0,224,100.0,7.6410185001805075,10.26508955033023,11.077528120340505,0,0.0,,,,0,0.0,,,,0,0.0,,,,False,False,
run-0129,multi-image,iced,rust,stream,2,60,ok,1801,60.03333333333333,6.244859000000001,8.976729,9.841824,5.083984375,0.0,98.41652173913042,145.79296875,60.0,6.653261749999999,0,0,59.99723263962977,0,30.0,5.0,,run-0129,1801,100.0,1801,100.0,6.236834999999999,8.969731,9.838237,0,0.0,,,,1801,100.0,15.753028,19.376262,21.68908,1801,100.0,8.70138,12.264724,13.76142,True,False,
run-0130,waveform,jfreechart,rust,stream,3,60,ok,1799,59.96666666666667,3.394218,5.4640296,8.398005779999998,6.288208007812492,0.05555555555555555,55.49565217391305,176.09765625,60.0,0.5960311999999998,0,0,59.99986971957138,0,30.0,5.0,,run-0130,1799,100.0,1799,100.0,0.023692,0.048646199999999966,0.06627216,1799,100.0,3.368343,5.4358679,8.338513099999997,0,0.0,,,,0,0.0,,,,True,False,
run-0131,large-image,pyqtgraph,rust,stream,2,60,ok,702,23.4,35.4937394999979,47.18515939975987,51.39575991986931,75.93636474609374,60.583941605839414,163.4902654867257,342.19140625,33.266666666666666,27.148144299999995,267,786,24.565230266541146,0,30.0,5.0,,run-0131,702,100.0,702,100.0,35.34949400000187,46.984596149650315,51.237775160016106,0,0.0,,,,0,0.0,,,,0,0.0,,,,False,True,
run-0132,large-image,qtgraphs,rust,stream,1,60,ok,176,5.866666666666666,158.02495250045467,187.6645480006118,205.5957992497497,51.33514404296875,90.20589872008904,174.38245614035085,466.3828125,38.13333333333333,26.55666604999999,172,656,32.379084446074266,0,30.0,5.0,,run-0132,176,100.0,176,100.0,145.8003820007434,168.55013650001638,189.42726199975368,0,0.0,,,,0,0.0,,,,0,0.0,,,,False,True,
run-0133,multi-plot,matplotlib,rust,stream,3,60,ok,741,24.7,39.38598800050386,43.01735899935011,44.764427799964324,15.320068359375,58.394160583941606,105.8189655172414,203.4140625,59.333333333333336,2.9817026999999996,0,0,59.999754954626425,0,30.0,5.0,,run-0133,741,100.0,741,100.0,0.0,0.0,0.0,0,0.0,,,,0,0.0,,,,0,0.0,,,,False,False,
run-0134,multi-plot,qtgraphs-cpp,rust,stream,1,60,ok,219,7.3,0.68146,1.0078649,1.3931843799999988,1.128857421875,87.69662921348315,144.32086956521738,490.0703125,59.63333333333333,3.9591934,0,0,59.99902230646229,0,30.0,5.0,,run-0134,219,100.0,219,100.0,0.0,0.0,0.0,0,0.0,,,,0,0.0,,,,0,0.0,,,,False,False,
run-0135,multi-image,pyqtgraph,rust,stream,2,60,ok,1791,59.7,1.801423999495455,3.679737999846111,5.480057699242005,7.729248046875,0.5,95.64782608695653,220.58203125,60.0,4.44448345,0,0,60.000241997397666,0,30.0,5.0,,run-0135,1791,100.0,1791,100.0,1.597184000274865,3.3113810013674083,5.032900500555105,0,0.0,,,,0,0.0,,,,0,0.0,,,,True,False,
run-0136,waveform,plotly,rust,stream,2,60,ok,1755,58.5,14.200000000186265,17.529999999888236,22.54600000025705,31.1880126953125,2.5,175.07982456140354,1396.5703125,60.0,0.4322909,45,0,58.53233473263607,0,30.0,5.0,,run-0136,1755,100.0,1755,100.0,0.0,0.10000000055879354,0.1999999992549419,1755,100.0,14.200000000186265,17.5,22.54600000025705,1755,100.0,14.299999999813735,17.59999999962747,22.600000000558794,0,0.0,,,,False,False,
run-0137,multi-curve,qtgraphs-cpp,rust,stream,3,60,ok,222,7.4,0.677593,0.9758361499999999,1.3897598699999996,1.12452392578125,87.62541806020067,145.10000000000002,465.61328125,60.0,3.8674498,0,0,60.00005634646064,0,30.0,5.0,,run-0137,222,100.0,222,100.0,0.0,0.0,0.0,0,0.0,,,,0,0.0,,,,0,0.0,,,,False,False,
run-0138,scalar-image,matplotlib,rust,stream,2,60,ok,647,21.566666666666666,45.68638899945654,50.300696400336165,51.88353585956065,3.177270507812497,64.07551360355359,111.93448275862069,233.375,60.0,1.6752566999999998,0,0,60.00040664142673,0,30.0,5.0,,run-0138,647,100.0,647,100.0,0.8761610006331466,2.576708000196958,3.390193940758763,0,0.0,,,,0,0.0,,,,0,0.0,,,,False,False,
run-0139,multi-plot,qtgraphs,rust,stream,3,60,ok,206,6.866666666666666,1.5161599994826247,2.7312572497066867,2.933273400958569,1.4783935546875,88.54919399666481,144.32347826086954,538.71484375,60.0,3.8598233,0,0,59.99842853007716,0,30.0,5.0,,run-0139,206,100.0,206,100.0,0.0008779998097452335,0.002002750534302322,0.0034055502510454937,0,0.0,,,,0,0.0,,,,0,0.0,,,,False,False,
run-0140,waveform,matplotlib,rust,stream,3,60,ok,1796,59.86666666666667,7.402582500617427,9.859880999556479,11.927957100306227,0.68695068359375,0.0,61.474782608695655,197.4375,59.9,0.4745271999999999,0,0,60.00023261417437,0,30.0,5.0,,run-0140,1796,100.0,1796,100.0,0.0,0.0,0.0,0,0.0,,,,0,0.0,,,,0,0.0,,,,True,False,
run-0141,scalar-image,fyne,rust,stream,2,60,ok,1800,60.0,1.475548,3.0301018499999994,4.260127260000001,6.1505126953125,0.0,54.00530973451327,195.83203125,60.0,2.7358783499999997,0,0,60.00048823093916,0,30.0,5.0,,run-0141,1800,100.0,1800,100.0,1.384099,2.8806214999999993,4.02400019,0,0.0,,,,0,0.0,,,,0,0.0,,,,True,False,
run-0142,multi-curve,qtgraphs-cpp,rust,stream,1,60,ok,223,7.433333333333334,0.666068,0.9720853999999999,1.25772722,1.0720214843749998,87.52098489087857,145.6321739130435,465.30859375,60.0,3.77961635,0,0,60.00167936537447,0,30.0,5.0,,run-0142,223,100.0,223,100.0,0.0,0.0,0.0,0,0.0,,,,0,0.0,,,,0,0.0,,,,False,False,
run-0143,multi-image,matplotlib,rust,stream,1,60,ok,222,7.4,133.57830899985856,146.26703125095446,150.36861379021502,9.773327636718745,87.59776536312849,130.4739130434783,260.45703125,59.766666666666666,4.4760015999999965,0,0,60.00400717111794,0,30.0,5.0,,run-0143,222,100.0,222,100.0,7.32854249963566,10.218799199083149,10.807905479941837,0,0.0,,,,0,0.0,,,,0,0.0,,,,False,False,
run-0144,rgb-image,pyqtgraph,rust,stream,2,60,ok,1800,60.0,0.1303034996453789,0.24314779884662122,0.2997112291450321,2.7886474609375,0.0,45.046491228070174,169.25,60.0,4.417210849999999,0,0,60.00084146234626,0,30.0,5.0,,run-0144,1800,100.0,1800,100.0,0.0,0.0,0.0,0,0.0,,,,0,0.0,,,,0,0.0,,,,True,False,
run-0145,waveform,matplotlib,rust,stream,2,60,ok,1800,60.0,7.173207000050752,10.064792050161486,17.159178570054788,0.9060058593749996,0.0,61.796521739130434,197.64453125,60.0,0.5065260500000001,0,0,60.00028254762363,0,30.0,5.0,,run-0145,1800,100.0,1800,100.0,0.0,0.0,0.0,0,0.0,,,,0,0.0,,,,0,0.0,,,,True,False,
run-0146,multi-plot,qtgraphs-cpp,rust,stream,2,60,ok,219,7.3,0.674272,1.0036445,1.19879336,1.1292968749999999,87.76536312849161,145.24298245614037,511.7109375,60.0,3.77085855,0,0,59.99929274692429,0,30.0,5.0,,run-0146,219,100.0,219,100.0,0.0,0.0,0.0,0,0.0,,,,0,0.0,,,,0,0.0,,,,False,False,
run-0147,scalar-image,jfreechart,rust,stream,1,60,ok,1800,60.0,4.3490155,6.096607049999999,10.29326313,9.22215576171875,0.0,74.93043478260869,250.5625,60.0,1.6699636,0,0,59.991839512020505,0,30.0,5.0,,run-0147,1800,100.0,1800,100.0,1.428528,2.3964467999999997,4.18006104,1800,100.0,2.8363449999999997,4.07195345,6.27894066,0,0.0,,,,0,0.0,,,,True,False,
run-0148,scalar-image,pyqtgraph-gl,rust,stream,2,60,ok,1786,59.53333333333333,1.3580220002040733,2.2335572493830114,3.0714598508893696,6.929443359375,0.832870627429206,61.43043478260871,253.875,60.0,1.7418987000000001,0,0,60.0009499242768,0,30.0,5.0,,run-0148,1786,100.0,1786,100.0,1.1843885004054755,2.013148500736861,2.825571250468784,0,0.0,,,,0,0.0,,,,0,0.0,,,,True,False,
run-0149,waveform,fyne,rust,stream,3,60,ok,1800,60.0,2.8908155,5.247727899999999,6.8384863199999995,6.602490234374999,0.0,49.5625,203.76171875,60.0,0.9691203499999999,0,0,59.99872604454231,0,30.0,5.0,,run-0149,1800,100.0,1800,100.0,0.0,0.0,0.0,0,0.0,,,,0,0.0,,,,0,0.0,,,,True,False,
run-0150,scalar-image,jfreechart,rust,stream,2,60,ok,1798,59.93333333333333,3.5846625000000003,5.797188549999999,11.10664104,9.85030517578123,0.1111111111111111,73.30347826086958,226.09375,60.0,1.7951297999999993,0,0,60.00025909688386,0,30.0,5.0,,run-0150,1798,100.0,1798,100.0,1.258547,2.2354842999999995,4.03016488,1798,100.0,2.305407,3.656816049999999,6.743078819999997,0,0.0,,,,0,0.0,,,,True,False,
run-0151,large-image,pyqtgraph,rust,stream,3,60,ok,581,19.366666666666667,43.13419299978705,49.61985500085575,52.69137599934768,79.45654296875,67.39618406285074,157.8921052631579,339.609375,37.03333333333333,28.065877,529,675,19.50841228427234,0,30.0,5.0,,run-0151,581,100.0,581,100.0,42.96064300069702,49.42227600076876,52.49034100052088,0,0.0,,,,0,0.0,,,,0,0.0,,,,False,True,
run-0152,large-image,pyqtgraph-gl,rust,stream,3,60,ok,384,12.8,48.096968999743694,53.3812485998169,55.762884220457636,106.692431640625,78.60724233983287,153.52105263157895,401.734375,35.46666666666667,28.015048299999997,674,736,12.971765220675685,0,30.0,5.0,,run-0152,384,100.0,384,100.0,47.84593549993588,52.97405809906195,55.499671440720704,0,0.0,,,,0,0.0,,,,0,0.0,,,,False,True,
run-0153,scalar-image,iced,rust,stream,1,60,ok,1800,60.0,2.5080624999999994,4.109505149999999,5.126047289999999,1.6721069335937497,0.0,42.55350877192981,121.82421875,60.0,2.6174179,0,0,59.999606391982496,0,30.0,5.0,,run-0153,1800,100.0,1800,100.0,2.50242,4.10453625,5.119124159999999,0,0.0,,,,1800,100.0,4.646126499999999,8.20969615,9.8787261,1800,100.0,1.9673530000000001,5.62970145,6.20502677,True,False,
run-0154,large-image,pyqtgraph-gl,rust,stream,2,60,ok,454,15.133333333333333,37.69797700078925,51.59570895093565,56.28934895901692,102.79857177734375,74.77777777777777,163.62477876106198,443.50390625,33.233333333333334,29.175070199999993,515,802,16.0872343161847,0,30.0,5.0,,run-0154,454,100.0,454,100.0,37.47272950022307,51.436445850686134,56.03989621913569,0,0.0,,,,0,0.0,,,,0,0.0,,,,False,True,
run-0155,multi-curve,qtgraphs,rust,stream,2,60,ok,209,6.966666666666667,1.535338000394404,2.4962996005342575,2.9758784811565415,1.4020507812499998,88.31749580771381,144.03304347826085,524.19140625,60.0,3.88038645,0,0,60.00007833138005,0,30.0,5.0,,run-0155,209,100.0,209,100.0,0.0008810002327663824,0.002322799264220521,0.002908560200012288,0,0.0,,,,0,0.0,,,,0,0.0,,,,False,False,
run-0156,multi-image,jfreechart,rust,stream,3,60,ok,1561,52.03333333333333,11.67546,16.152051,18.324178400000008,45.64501953125,13.374028856825749,228.32920353982303,420.13671875,60.0,6.9197188,10,0,59.70419654581374,0,30.0,5.0,,run-0156,1561,100.0,1561,100.0,7.588486,10.918189,12.189105000000009,1561,100.0,3.94919,6.236434,7.553728000000004,0,0.0,,,,0,0.0,,,,False,False,
run-0157,scalar-image,fyne,rust,stream,1,60,ok,1800,60.0,1.412765,3.2576888,4.6203347599999995,6.132019042968748,0.0,54.77345132743363,197.08203125,60.0,2.7851359999999996,0,0,60.00047455124495,0,30.0,5.0,,run-0157,1800,100.0,1800,100.0,1.3297375,3.0799665499999986,4.432086379999999,0,0.0,,,,0,0.0,,,,0,0.0,,,,True,False,
run-0158,large-image,iced,rust,stream,2,60,ok,586,19.533333333333335,30.428359,37.9990795,40.052997749999996,25.563720703125,67.39009460211463,165.04336283185842,245.296875,34.8,28.513989499999997,12,755,34.399303453725985,0,30.0,5.0,,run-0158,586,100.0,586,100.0,30.423258,37.982774000000006,40.04746855,0,0.0,,,,586,100.0,50.570818,59.463232500000004,63.601689949999994,586,100.0,19.895833500000002,24.533786250000002,26.61601855,False,True,
run-0159,multi-curve,qtgraphs-cpp,rust,stream,2,60,ok,221,7.366666666666666,0.666646,0.998348,1.193272000000001,1.219482421875,87.5912408759124,144.6382608695652,454.53125,59.5,3.8677957999999997,0,0,59.998582813568305,0,30.0,5.0,,run-0159,221,100.0,221,100.0,0.0,0.0,0.0,0,0.0,,,,0,0.0,,,,0,0.0,,,,False,False,
run-0160,waveform,pyqtgraph-gl,rust,stream,1,60,ok,1785,59.5,0.6084640008339193,0.9564771993609611,1.1848336800176187,3.218017578124999,0.7782101167315175,45.37894736842105,245.07421875,60.0,0.7371945,0,0,59.99960297215888,0,30.0,5.0,,run-0160,1785,100.0,1785,100.0,0.0,0.0,0.0,0,0.0,,,,0,0.0,,,,0,0.0,,,,True,False,
run-0161,multi-plot,plotly,rust,stream,2,60,ok,503,16.766666666666666,49.09999999962747,62.08999999966472,72.54399999964987,84.24267578124997,72.00890372843628,184.0069565217391,1459.81640625,60.0,3.5175167000000003,1297,0,16.775677996236144,0,30.0,5.0,,run-0161,503,100.0,503,100.0,0.0,0.10000000149011612,0.2000000011175871,503,100.0,49.0,61.99000000003725,72.44600000001495,503,100.0,49.09999999962747,62.08999999966472,72.64200000111019,0,0.0,,,,False,False,
run-0162,multi-image,fyne,rust,stream,2,60,ok,1796,59.86666666666667,3.5617455,5.91598675,7.605014449999994,15.64312744140625,0.2222222222222222,106.50517241379312,215.64453125,59.96666666666667,5.885584899999997,0,1,59.96454730064729,0,30.0,5.0,,run-0162,1796,100.0,1796,100.0,3.3528445,5.6405615,7.260505849999992,0,0.0,,,,0,0.0,,,,0,0.0,,,,True,False,
run-0163,rgb-image,fyne,rust,stream,1,60,ok,1800,60.0,1.1629885,2.45306305,3.7038672,5.6179931640625,0.0,52.729203539823004,195.078125,60.0,4.5059872499999996,0,0,59.99625075541807,0,30.0,5.0,,run-0163,1800,100.0,1800,100.0,1.06991,2.282340699999999,3.4823358499999997,0,0.0,,,,0,0.0,,,,0,0.0,,,,True,False,
run-0164,multi-plot,matplotlib,rust,stream,1,60,ok,732,24.4,39.9557234995882,43.737809900267166,45.362653800784756,15.760241699218744,59.060402684563755,105.94957264957263,203.03125,59.56666666666667,3.212218799999999,0,0,59.99937978533404,0,30.0,5.0,,run-0164,732,100.0,732,100.0,0.0,0.0,0.0,0,0.0,,,,0,0.0,,,,0,0.0,,,,False,False,
run-0165,scalar-image,plotly,rust,stream,3,60,ok,272,9.066666666666666,86.5,102.67999999932944,108.36400000026453,139.97735595703125,84.82989403234802,196.34310344827585,1575.84375,60.0,1.52130095,1528,0,9.071873765694729,0,30.0,5.0,,run-0165,272,100.0,272,100.0,0.10000000149011612,0.30000000074505806,0.30000000074505806,272,100.0,86.30000000074506,102.57999999970195,108.12199999984358,272,100.0,87.44999999925494,103.91499999929219,109.70600000085312,0,0.0,,,,False,False,
run-0166,large-image,plotly,rust,stream,2,60,ok,18,0.6,1291.8500000005588,1388.4949999998323,1431.5389999990723,1916.86513671875,98.947983635301,258.4442477876106,2209.1015625,43.03333333333333,28.164788,1273,508,0.600722935440837,0,30.0,5.0,,run-0166,18,100.0,18,100.0,0.5499999998137355,0.8150000006891785,0.8830000004358588,18,100.0,1291.3500000005588,1387.84999999851,1430.68999999851,18,100.0,1325.75,1423.5699999998324,1466.9539999990723,0,0.0,,,,False,True,
run-0167,multi-curve,iced,rust,stream,3,60,ok,1764,58.8,0.6255935,1.1340750499999999,1.6480143199999975,0.7984619140624998,2.0,58.54608695652175,147.234375,60.0,3.5713537000000004,0,0,59.999141299549905,0,30.0,5.0,,run-0167,1764,100.0,1764,100.0,0.6186500000000001,1.1118766999999998,1.5640812199999983,887,50.28344671201814,13.582747,19.2856382,29.9688053,1764,100.0,0.626874,1.1394866499999996,1.6499570399999974,0,0.0,,,,False,False,
run-0168,multi-image,plotly,rust,stream,1,60,ok,67,2.2333333333333334,354.5,415.0999999990687,430.9679999997467,501.88063964843747,96.22535211267606,214.72,1634.37890625,60.0,6.497532499999999,1733,0,2.2344061683262635,0,30.0,5.0,,run-0168,67,100.0,67,100.0,0.3999999985098839,0.6000000009313226,0.6999999998882412,67,100.0,354.2000000011176,414.5699999991804,430.4019999999926,67,100.0,359.0,421.16999999955294,435.66400000024595,0,0.0,,,,False,False,
run-0169,large-image,fyne,rust,stream,3,60,ok,764,25.466666666666665,29.602088000000002,41.017020300000006,49.21142181,107.54252929687502,57.46102449888642,217.41415929203538,403.04296875,30.266666666666666,31.846152800000002,26,892,29.385348890066233,0,30.0,5.0,,run-0169,764,100.0,764,100.0,29.512845,40.84886165,49.08202171000001,0,0.0,,,,0,0.0,,,,0,0.0,,,,False,True,
run-0170,multi-image,pyqtgraph-gl,rust,stream,3,60,ok,449,14.966666666666667,5.176418000701233,8.712087599997176,11.903810559815607,14.258935546875,75.01391207568169,86.21578947368421,295.14453125,60.0,5.548578749999999,0,0,59.96549988545694,0,30.0,5.0,,run-0170,449,100.0,449,100.0,4.76013100160344,8.196207601577044,11.47156655999424,0,0.0,,,,0,0.0,,,,0,0.0,,,,False,False,
run-0171,rgb-image,qtgraphs,rust,stream,3,60,ok,1766,58.86666666666667,0.6778375009162119,1.3027364998379198,1.913953200710238,3.28594970703125,0.282326369282891,46.750442477876106,268.91015625,59.1,3.788523,0,0,60.00203778920951,0,30.0,5.0,,run-0171,1766,100.0,1766,100.0,0.2365829996051616,0.5500514998857398,0.8223559992075006,0,0.0,,,,0,0.0,,,,0,0.0,,,,True,False,
run-0172,multi-plot,iced,rust,stream,1,60,ok,1781,59.36666666666667,0.6445019999999999,1.135568,1.5429614000000003,0.8232421875,1.0555555555555556,57.993043478260866,138.7265625,59.96666666666667,3.6622501999999986,0,0,59.99935361818089,0,30.0,5.0,,run-0172,1781,100.0,1781,100.0,0.637394,1.100218,1.392245600000001,897,50.36496350364963,13.312176,17.015907199999994,25.684716959999946,1781,100.0,0.646764,1.149025,1.5470516,0,0.0,,,,False,False,
run-0173,multi-plot,pyqtgraph-gl,rust,stream,1,60,ok,897,29.9,1.979841999855125,2.9077847997541486,5.044072638411298,2.480322265624998,50.138966092273485,49.56956521739129,249.48046875,60.0,4.333405,0,0,59.997765606158474,0,30.0,5.0,,run-0173,897,100.0,897,100.0,0.0,0.0,0.0,0,0.0,,,,0,0.0,,,,0,0.0,,,,False,False,
run-0174,waveform,iced,rust,stream,3,60,ok,1800,60.0,0.13526749999999998,0.25318670000000004,0.36380468,0.47852783203125,0.0,31.356637168141596,117.6015625,60.0,0.9076809499999999,0,0,60.00009445366454,0,30.0,5.0,,run-0174,1800,100.0,1800,100.0,0.13097199999999998,0.24377785,0.34489681,1760,97.77777777777777,2.5541505,4.512714999999999,5.988538840000003,1800,100.0,0.1371575,0.2566139,0.36999407,0,0.0,,,,True,False,
run-0175,waveform,jfreechart,rust,stream,1,60,ok,1799,59.96666666666667,3.595666,7.1663393,8.4072687,8.165600585937499,0.05555555555555555,59.42719298245614,171.72265625,60.0,0.8185620499999999,0,0,59.99997378101827,0,30.0,5.0,,run-0175,1799,100.0,1799,100.0,0.025715,0.0574383,0.08462575999999998,1799,100.0,3.569552,7.107353799999998,8.353859980000001,0,0.0,,,,0,0.0,,,,True,False,
run-0176,waveform,plotly,rust,stream,1,60,ok,1755,58.5,14.300000000745058,17.09999999962747,21.94600000020117,31.302148437499998,2.5541365907828983,165.29739130434783,1413.15625,60.0,0.45478985,46,0,58.49895010826572,0,30.0,5.0,,run-0176,1755,100.0,1755,100.0,0.0,0.10000000149011612,0.1999999992549419,1755,100.0,14.299999998882411,17.09999999962747,21.94600000020117,1755,100.0,14.300000000745058,17.129999999515707,21.94600000020117,0,0.0,,,,False,False,
run-0177,rgb-image,pyqtgraph,rust,stream,1,60,ok,1774,59.13333333333333,0.12875250013166806,0.1936138496603234,0.23071708950737954,2.1862426757812496,0.0,42.014159292035394,174.3671875,59.13333333333333,3.398128099999999,0,0,60.00070293494839,0,30.0,5.0,,run-0177,1774,100.0,1774,100.0,0.0,0.0,0.0,0,0.0,,,,0,0.0,,,,0,0.0,,,,True,False,
run-0178,multi-image,jfreechart,rust,stream,2,60,ok,1606,53.53333333333333,11.062593,15.70771225,18.237839550000004,44.4981689453125,10.777777777777779,230.74690265486726,433.79296875,60.0,7.1289812999999995,8,0,59.702294185631004,0,30.0,5.0,,run-0178,1606,100.0,1606,100.0,7.0625335,10.383345,12.190923050000004,1606,100.0,3.88318,6.29093,7.850462550000001,0,0.0,,,,0,0.0,,,,False,False,
run-0179,waveform,qtgraphs-cpp,rust,stream,3,60,ok,1687,56.233333333333334,0.08807,0.1705691999999999,0.27490698,0.7437988281249996,4.743083003952569,115.73245614035088,267.0546875,59.0,0.45305409999999996,0,0,60.0001487205142,0,30.0,5.0,,run-0179,1687,100.0,1687,100.0,0.0,0.0,0.0,0,0.0,,,,0,0.0,,,,0,0.0,,,,False,False,
run-0180,multi-image,qtgraphs-cpp,rust,stream,1,60,ok,1793,59.766666666666666,2.659265,4.1256255999999984,4.975033039999999,5.829931640624999,0.0,72.51739130434783,214.31640625,59.766666666666666,5.9395972,0,0,60.00441497622492,0,30.0,5.0,,run-0180,1793,100.0,1793,100.0,1.630672,2.4602593999999995,3.1512279599999977,0,0.0,,,,0,0.0,,,,0,0.0,,,,True,False,
run-0181,large-image,matplotlib,rust,stream,2,60,ok,60,2.0,497.7747659995657,531.8292936486614,567.6122978602324,43.05743408203125,96.64617104527669,173.19298245614036,609.60546875,34.4,26.77294185,67,767,32.14013750766094,0,30.0,5.0,,run-0181,60,100.0,60,100.0,34.03512199929537,41.98465755034704,47.13354396066276,0,0.0,,,,0,0.0,,,,0,0.0,,,,False,True,
run-0182,waveform,plotly,rust,stream,3,60,ok,1746,58.2,14.300000000745058,17.59999999962747,22.420000000298003,31.4766845703125,3.0,173.99391304347827,1414.76953125,60.0,0.42156595,54,0,58.19906357704099,0,30.0,5.0,,run-0182,1746,100.0,1746,100.0,0.0,0.10000000149011612,0.15500000026076577,1746,100.0,14.300000000745058,17.59999999962747,22.320000000670532,1746,100.0,14.399999998509884,17.600000001024455,22.46500000013037,0,0.0,,,,False,False,
run-0183,multi-curve,plotly,rust,stream,1,60,ok,560,18.666666666666668,43.14999999944121,51.60499999960884,54.2409999991022,76.30654296875,68.88888888888889,190.73217391304345,1452.71484375,60.0,3.6630097999999998,1240,0,18.676237478436317,0,30.0,5.0,,run-0183,560,100.0,560,100.0,0.0,0.1999999992549419,0.2000000011175871,560,100.0,43.09999999962747,51.60499999960884,54.18199999932199,560,100.0,43.19999999925494,51.60499999960884,54.2409999991022,0,0.0,,,,False,False,
run-0184,multi-plot,qtgraphs,rust,stream,1,60,ok,204,6.8,1.5096500001163804,2.488154398906772,3.022640629151283,1.5432617187499997,88.60971524288107,143.75913043478263,556.3046875,60.0,3.66801925,0,0,59.99914569639838,0,30.0,5.0,,run-0184,204,100.0,204,100.0,0.0007860007826820947,0.0022821995116828475,0.005188100094528634,0,0.0,,,,0,0.0,,,,0,0.0,,,,False,False,
run-0185,multi-plot,plotly,rust,stream,1,60,ok,507,16.9,48.30000000074506,59.639999999478455,72.29200000043959,83.51953125,71.78631051752922,184.66608695652175,1464.96484375,60.0,3.5989309000000005,1293,0,16.90877018609872,0,30.0,5.0,,run-0185,507,100.0,507,100.0,0.0,0.10000000149011612,0.2000000011175871,507,100.0,48.30000000074506,59.609999999590215,72.19799999892712,507,100.0,48.40000000037253,59.639999999478455,72.29200000043959,0,0.0,,,,False,False,
run-0186,multi-plot,jfreechart,rust,stream,2,60,ok,1598,53.266666666666666,16.0281515,19.597510899999993,21.50420347,33.88468017578125,11.172873818788215,135.8491379310345,195.33984375,60.0,3.4741007,0,0,59.998625407135194,0,30.0,5.0,,run-0186,1598,100.0,1598,100.0,0.497453,0.7375017499999997,0.8798698799999989,1598,100.0,15.5265275,19.045856249999996,20.905519239999997,0,0.0,,,,0,0.0,,,,False,False,
run-0187,waveform,fyne,rust,stream,1,60,ok,1800,60.0,2.871582,5.0080306,6.95253106,6.357568359375,0.0,51.716071428571425,203.04296875,60.0,1.01174265,0,0,59.99994739920884,0,30.0,5.0,,run-0187,1800,100.0,1800,100.0,0.0,0.0,0.0,0,0.0,,,,0,0.0,,,,0,0.0,,,,True,False,
run-0188,multi-curve,pyqtgraph-gl,rust,stream,1,60,ok,1779,59.3,1.7778679994080449,2.7637050005068877,4.45135017966095,2.1998535156249996,1.2215435868961688,60.711304347826086,248.76171875,60.0,3.9385361500000005,0,0,60.00069049571729,0,30.0,5.0,,run-0188,1779,100.0,1779,100.0,0.0,0.0,0.0,0,0.0,,,,0,0.0,,,,0,0.0,,,,False,False,
run-0189,large-image,pyqtgraph-gl,rust,stream,1,60,ok,453,15.1,39.94383000099333,47.76131060025364,51.22264391975478,101.730615234375,74.76323119777159,162.1921052631579,410.89453125,33.36666666666667,29.258336999999997,518,799,16.11504976208942,0,30.0,5.0,,run-0189,453,100.0,453,100.0,39.64098500000546,47.585288399932324,50.992692680156324,0,0.0,,,,0,0.0,,,,0,0.0,,,,False,True,
